setting,diff,p,d
GPT-5.2 → Gemini 2.0 Naturalistic,0.2777777777777777,0.0002049648486196253,1.0753138334971637
GPT-5.2 → Gemini 2.0 Debiased,0.2777777777777768,0.0009677343352761059,0.8602016786454633
GPT-5.2 → Gemini 2.0 Blinded,0.2999999999999998,0.0002654638155723174,1.0832922343236273
Gemini 2.0 → GPT-5.2 Naturalistic,0.6111111111111116,9.588333796812175e-10,2.6123156243154093
Gemini 2.0 → GPT-5.2 Debiased,0.03333333333333233,0.2942457850017637,0.20329822003839923
Gemini 2.0 → GPT-5.2 Blinded,0.44444444444444553,1.602778034130214e-07,1.8336626845141732
