evaluator,unblinded,unblinded_d,blinded,blinded_d,debiased,name_component,style_component
Gemini 2.0,0.27777777777777773,0.8170602652067607,0.3000000000000001,0.8227668229557952,0.2777777777777779,-0.022222222222222365,0.3000000000000001
GPT-5.2,0.6111111111111112,1.6416712476641193,0.4444444444444447,1.0992421631894098,0.03333333333333328,0.16666666666666646,0.4444444444444447
