evaluator,unblinded,unblinded_d,blinded,blinded_d,debiased,name_component,style_component,interpretation
Gemini 2.0,0.2777777777777777,1.0753138334971637,0.2999999999999998,1.0832922343236273,0.2777777777777768,-0.022222222222222143,0.2999999999999998,Pure style
GPT-5.2,0.6111111111111116,2.6123156243154093,0.44444444444444553,1.8336626845141732,0.03333333333333233,0.16666666666666607,0.44444444444444553,Name + Style
