setting,condition,diff,ci_low,ci_high,p,d,n
GPT-5.2 → Gemini 2.0,Naturalistic,0.011111111111111117,-0.02704020867421587,0.0492624308964381,1.0,0.10421815207042287,30
GPT-5.2 → Gemini 2.0,Debiased,0.011111111111111117,-0.010666666666666672,0.032888888888888905,1.0,0.18257418583505539,30
GPT-5.2 → Gemini 2.0,Blinded,0.011111111111111117,-0.010666666666666672,0.032888888888888905,1.0,0.18257418583505539,30
Gemini 2.0 → GPT-5.2,Naturalistic,0.022222222222222247,-0.04735393180360128,0.09179837624804577,0.765625,0.11429375776070663,30
Gemini 2.0 → GPT-5.2,Debiased,4.4408920985006264e-17,-0.08860029780645251,0.0886002978064526,0.822265625,1.7936201880845452e-16,30
Gemini 2.0 → GPT-5.2,Blinded,0.04444444444444447,-0.007344431744292203,0.09623332063318113,0.21875,0.3070976116635083,30
