setting,f_mean,m_mean,diff,p
GPT-5.2 → Gemini 2.0 Naturalistic,3.0222222222222226,3.011111111111111,0.011111111111111516,0.5701625177082895
GPT-5.2 → Gemini 2.0 Debiased,3.0111111111111115,3.0,0.011111111111111516,0.33371069574356604
Gemini 2.0 → GPT-5.2 Naturalistic,3.966666666666667,3.944444444444444,0.022222222222222587,0.2646162170835886
Gemini 2.0 → GPT-5.2 Debiased,3.9111111111111114,3.911111111111111,4.440892098500626e-16,0.5030300481467885
